Model,Total Parameters,Training Time (s),Inference Time per Image (s),Average Localization Error in Test (m),Average Orientation Error in Test (°),Average Localization Error in Real(m),Average Orientation Error in Real (°)
PVT,20571337,46000.84,0.001806,2.105,16.6273,5.6662,41.3097
U-Net,31042249,27385.55,0.004958,2.6452,8.9529,6.6787,28.2218
ResNet,77756229,29225.82,0.010925,11.1313,86.6264,6.8098,44.5077
ConvNext,2057409,13490.18,0.001046,11.3362,78.4242,8.2483,60.3372
ViT,118576010,15423.32,0.001965,11.1865,84.441,6.3071,37.0023
UNet,31042249,59207.80,0.005265,9.9604,77.4235,6.5386,48.8537
