Model,Total Parameters,Training Time (s),Inference Time per Image (s),Average Localization Error in Test (m),Average Orientation Error in Test (°),Average Localization Error in Real(m),Average Orientation Error in Real (°)
PVT,20571337,46000.84,0.001806,2.1050,16.6273,5.6662,41.3097
U-Net,31037317,36557.17,0.019562,10.1911,72.9537,5.8227,33.6375
ResNet,77756229,29225.82,0.010925,11.1313,86.6264,6.8098,44.5077
ConvNext,2057409,12945.90,0.001042,12.0396,82.7889,8.2085,60.0042
ViT,118576010,15423.32,0.001965,11.1865,84.4410,6.3071,37.0023
